"","addr.city","addr.country","addr.housenumber","addr.postcode","addr.street","caravans","email","name","opening_hours","phone","tents","tourism","dog","dryer","fax","phone.mobile","power_supply","washing_machine","website","wheelchair","created_by","scout","amenity","fixme","leisure","openfire","operator","description","postal_code","source","sport","access","internet_access","contact.email","contact.fax","contact.phone","contact.website","addr.suburb","cabins","stars","note","url","internet_access.fee","maxtents","designation","addr.housename","kitchen","group_only","wifi","lat","lon"
"97870691","Passau","DE","34","94034","Halser Straße","no","JM.Zietek@t-online.de","Zeltplatz Ilzstadt","May 01-Sep 30","+49 851 41457","yes","camp_site",NA,NA,NA,NA,NA,NA,NA,NA,NA,NA,NA,NA,NA,NA,NA,NA,NA,NA,NA,NA,NA,NA,NA,NA,NA,NA,NA,NA,NA,NA,NA,NA,NA,NA,NA,NA,NA,48.5821833,13.4730544
"255303075","Klingenberg/Trennfurt","DE","3","63911","Am Campingplatz","yes","m.denger@gmx.de","Aqua Camping",NA,NA,"yes","camp_site","yes","yes","+49 9372 408324","+49 175 8537848","yes","yes","www.aqua-campingplatz.de","limited",NA,NA,NA,NA,NA,NA,NA,NA,NA,NA,NA,NA,NA,NA,NA,NA,NA,NA,NA,NA,NA,NA,NA,NA,NA,NA,NA,NA,NA,49.7661061,9.1785745
"266549090",NA,NA,NA,NA,NA,NA,NA,NA,NA,NA,NA,"camp_site",NA,NA,NA,NA,NA,NA,NA,NA,"JOSM",NA,NA,NA,NA,NA,NA,NA,NA,NA,NA,NA,NA,NA,NA,NA,NA,NA,NA,NA,NA,NA,NA,NA,NA,NA,NA,NA,NA,49.8864623,9.5704277
"277815437",NA,NA,NA,NA,NA,"no",NA,"Zeltplatz Kreisjugendring Donau-Ries",NA,NA,"no","camp_site",NA,NA,NA,NA,NA,NA,"http://www.kjr-donau-ries.de/index.php?id=13",NA,NA,"yes",NA,NA,NA,NA,NA,NA,NA,NA,NA,NA,NA,NA,NA,NA,NA,NA,NA,NA,NA,NA,NA,NA,NA,NA,NA,NA,NA,48.6689242,10.699726
"287216441",NA,NA,NA,NA,NA,NA,NA,"Zum Eichensee",NA,NA,NA,"camp_site",NA,NA,NA,NA,NA,NA,NA,NA,NA,NA,"restaurant",NA,NA,NA,NA,NA,NA,NA,NA,NA,NA,NA,NA,NA,NA,NA,NA,NA,NA,NA,NA,NA,NA,NA,NA,NA,NA,49.4732947,10.7611968
"294791120",NA,NA,NA,NA,NA,NA,NA,"Zeltplatz Pfadfinderheim",NA,NA,NA,"camp_site",NA,NA,NA,NA,NA,NA,NA,NA,NA,NA,NA,NA,NA,NA,NA,NA,NA,NA,NA,NA,NA,NA,NA,NA,NA,NA,NA,NA,NA,NA,NA,NA,NA,NA,NA,NA,NA,49.7696142,11.4930954
"294791122",NA,NA,NA,NA,NA,NA,NA,NA,NA,NA,NA,"camp_site",NA,NA,NA,NA,NA,NA,NA,NA,NA,NA,NA,NA,NA,NA,NA,NA,NA,NA,NA,NA,NA,NA,NA,NA,NA,NA,NA,NA,NA,NA,NA,NA,NA,NA,NA,NA,NA,49.7690557,11.4913711
"294822115",NA,NA,NA,NA,NA,NA,NA,NA,NA,NA,NA,"camp_site",NA,NA,NA,NA,NA,NA,NA,NA,NA,NA,NA,NA,NA,NA,NA,NA,NA,NA,NA,NA,NA,NA,NA,NA,NA,NA,NA,NA,NA,NA,NA,NA,NA,NA,NA,NA,NA,49.6026056,11.2809351
"297479316",NA,NA,NA,NA,NA,NA,"info@burgauer-see.de","Campingplatz Burgauer See",NA,"+49 8222 4981",NA,"camp_site",NA,NA,"+49 8222 7973",NA,NA,NA,"http://www.jettingen-scheppach.de/content/gastronomie/camping/stocker.shtml",NA,NA,NA,NA,"noch vorhanden??",NA,NA,NA,NA,NA,NA,NA,NA,NA,NA,NA,NA,NA,NA,NA,NA,NA,NA,NA,NA,NA,NA,NA,NA,NA,48.4142043,10.4251794
"298133496",NA,NA,NA,NA,NA,NA,NA,"KJR Zeltplatz Hutzelmühle",NA,NA,NA,"camp_site",NA,NA,NA,NA,NA,NA,NA,NA,NA,NA,NA,NA,"garden",NA,NA,NA,NA,NA,NA,NA,NA,NA,NA,NA,NA,NA,NA,NA,NA,NA,NA,NA,NA,NA,NA,NA,NA,49.7672391,10.5141064
"298393116",NA,NA,NA,NA,NA,NA,NA,NA,NA,NA,NA,"camp_site",NA,NA,NA,NA,NA,NA,NA,NA,NA,NA,NA,NA,NA,NA,NA,NA,NA,NA,NA,NA,NA,NA,NA,NA,NA,NA,NA,NA,NA,NA,NA,NA,NA,NA,NA,NA,NA,49.5436463,10.224459
"302956554",NA,NA,NA,NA,NA,"no","info@ukf-ulm.de","Zeltplatz Kanufahrer",NA,"+49 (0)731 85267","yes","camp_site",NA,NA,"+49 (0)731 85267",NA,NA,NA,"http://www.ukf-ulm.de/cms/?page_id=220","limited",NA,NA,NA,NA,NA,"yes","Ulmer Kanufahrer e.V.",NA,NA,NA,NA,NA,NA,NA,NA,NA,NA,NA,NA,NA,NA,NA,NA,NA,NA,NA,NA,NA,NA,48.3928958,9.9899594
"304540879","Furth im Wald","DE","14","93437","Ränkam/Kühberg","yes","info@pension-waldesruh.com","Campingplatz Waldesruh","Apr 01-Oct 31","+49 9973 1083","yes","camp_site",NA,"yes","+49 9973 2193",NA,"yes","yes","www.pension-waldesruh.com",NA,NA,NA,NA,NA,NA,NA,NA,NA,NA,NA,NA,NA,NA,NA,NA,NA,NA,NA,NA,NA,NA,NA,NA,NA,NA,NA,NA,NA,NA,49.2999237,12.7764715
"304862815",NA,NA,NA,NA,NA,NA,NA,"Die AktivMühle",NA,NA,NA,"camp_site",NA,NA,NA,NA,NA,NA,"http://www.aktivmuehle.de/html/camping.html",NA,NA,NA,NA,NA,NA,NA,NA,"Zeltplatz","91807","survey","boating",NA,NA,NA,NA,NA,NA,NA,NA,NA,NA,NA,NA,NA,NA,NA,NA,NA,NA,48.8919551,10.9989399
"310425318",NA,NA,NA,NA,NA,NA,NA,NA,NA,NA,NA,"camp_site",NA,NA,NA,NA,NA,NA,NA,NA,NA,NA,NA,NA,NA,NA,NA,NA,NA,NA,NA,"private",NA,NA,NA,NA,NA,NA,NA,NA,NA,NA,NA,NA,NA,NA,NA,NA,NA,49.9320693,11.5881823
"316314617",NA,NA,NA,NA,NA,NA,NA,"Campingplatz Waldsee",NA,NA,NA,"camp_site",NA,NA,NA,NA,NA,NA,NA,"limited",NA,NA,NA,NA,NA,NA,NA,NA,NA,NA,NA,NA,NA,NA,NA,NA,NA,NA,NA,NA,NA,NA,NA,NA,NA,NA,NA,NA,NA,48.8840804,10.7363593
"323206481","Betzenstein",NA,"69","91282","Hauptstraße",NA,NA,"Camping Betzenstein",NA,NA,"yes","camp_site",NA,NA,NA,NA,NA,NA,"http://www.campingplatz-betzenstein.de",NA,NA,NA,NA,NA,NA,NA,NA,NA,NA,"website",NA,NA,NA,NA,NA,NA,NA,NA,NA,NA,NA,NA,NA,NA,NA,NA,NA,NA,NA,49.6853009,11.4025375
"323966929","Babenhausen","DE",NA,"87727",NA,NA,NA,NA,NA,NA,NA,"camp_site",NA,NA,NA,NA,NA,NA,NA,"yes",NA,NA,NA,NA,NA,NA,NA,NA,NA,NA,NA,NA,NA,NA,NA,NA,NA,NA,NA,NA,NA,NA,NA,NA,NA,NA,NA,NA,NA,48.133437,10.2439536
"335414604","Würzburg",NA,"13B","97082","Mergentheimer Straße",NA,"campingplatz@kc-wuerzburg.de","Campingplatz Kanu-Club",NA,"+49 931 72536",NA,"camp_site",NA,NA,NA,NA,NA,NA,"http://www.kc-wuerzburg.de/gelaende.html",NA,NA,NA,NA,NA,NA,NA,"Kanu-Club Würzburg e.V.",NA,NA,NA,NA,NA,"no",NA,NA,NA,NA,NA,NA,NA,NA,NA,NA,NA,NA,NA,NA,NA,NA,49.7800791,9.9274266
"340016098","Sand am Main","DE","7","97522","Pappelallee","yes",NA,"Campingplatz Sand am Main",NA,"+49 9524 822270","yes","camp_site","yes",NA,"+49 9524 822275",NA,NA,NA,"http://www.campingplatz-sand-am-main.de",NA,NA,NA,NA,NA,NA,NA,NA,NA,NA,NA,NA,NA,NA,NA,NA,NA,NA,NA,NA,NA,NA,NA,NA,NA,NA,NA,NA,NA,NA,49.9910893,10.5795531
"348344783",NA,NA,NA,NA,NA,NA,NA,"Ölkuchenmühle",NA,NA,NA,"camp_site",NA,NA,NA,NA,NA,NA,NA,NA,NA,NA,NA,NA,NA,NA,NA,NA,NA,NA,NA,NA,NA,NA,NA,NA,NA,NA,NA,NA,NA,NA,NA,NA,NA,NA,NA,NA,NA,49.2354422,11.4532422
"355960345",NA,NA,NA,NA,NA,NA,NA,"Umweltstation Unterallgäu",NA,NA,NA,"camp_site",NA,NA,NA,NA,NA,NA,NA,NA,NA,NA,NA,NA,NA,NA,NA,NA,NA,NA,NA,NA,NA,NA,NA,NA,NA,NA,NA,NA,NA,NA,NA,NA,NA,NA,NA,NA,NA,47.8540492,10.1464684
"365136271",NA,NA,NA,NA,NA,NA,NA,"Aussteller-Camp",NA,NA,NA,"camp_site",NA,NA,NA,NA,NA,NA,NA,NA,"Merkaartor 0.13",NA,NA,NA,NA,NA,NA,NA,NA,NA,NA,NA,NA,NA,NA,NA,NA,NA,NA,NA,NA,NA,NA,NA,NA,NA,NA,NA,NA,50.1910122,10.1246347
"368041119",NA,NA,NA,NA,NA,"yes",NA,"Bamberger Faltboot-Club",NA,NA,"yes","camp_site",NA,NA,NA,NA,"yes",NA,NA,"yes",NA,NA,NA,NA,NA,NA,NA,NA,NA,NA,NA,NA,NA,"info@faltbootclub.de","+49 951 9682992","+49 951 68624","http://www.faltbootclub.de",NA,NA,NA,NA,NA,NA,NA,NA,NA,NA,NA,NA,49.9035154,10.8736851
"373098246","Emmering","DE","18","82275","Siedlerstraße",NA,NA,"Freie Sportgemeinschaft Amperland e. V.",NA,NA,NA,"camp_site",NA,NA,NA,NA,NA,NA,"http://www.fsamperland.de",NA,NA,NA,NA,NA,NA,NA,NA,NA,NA,NA,NA,NA,NA,NA,NA,NA,NA,NA,NA,NA,NA,NA,NA,NA,NA,NA,NA,NA,NA,48.1884911,11.2962042
"383912440",NA,NA,NA,NA,NA,NA,NA,"Lugenau",NA,NA,NA,"camp_site",NA,NA,NA,NA,NA,NA,NA,NA,NA,NA,NA,NA,NA,NA,NA,NA,NA,NA,NA,NA,NA,NA,NA,NA,NA,NA,NA,NA,NA,NA,NA,NA,NA,NA,NA,NA,NA,47.7636247,10.9938897
"390483665",NA,NA,NA,NA,NA,NA,NA,"Fohnsee Camping",NA,NA,NA,"camp_site",NA,NA,NA,NA,NA,NA,NA,NA,NA,NA,NA,NA,"water_park",NA,NA,NA,NA,NA,NA,NA,NA,NA,NA,NA,NA,NA,NA,NA,NA,NA,NA,NA,NA,NA,NA,NA,NA,47.7798583,11.3157954
"412362354","Speichersdorf","DE",NA,"95469","Herrenwald","yes","info@herrenwald-speichersdorf.de","Campingplatz Herrenwald",NA,"+49 9275 218","yes","camp_site",NA,NA,NA,NA,NA,NA,"http://www.herrenwald-speichersdorf.de",NA,NA,NA,NA,NA,NA,NA,NA,NA,NA,NA,NA,NA,NA,NA,NA,NA,NA,NA,NA,NA,NA,NA,NA,NA,NA,NA,NA,NA,NA,49.8609322,11.7366212
"415002969","Ebrach","DE","21","96157","Schwimmbadweg","yes","weihersee@t-online.de","Campingplatz Weihersee",NA,"+49 9553 9890579","yes","camp_site","yes",NA,NA,"+49 175 7854814","yes",NA,"http://www.weihersee.de",NA,NA,NA,NA,NA,NA,NA,NA,NA,NA,NA,NA,NA,NA,NA,NA,NA,NA,NA,NA,NA,NA,NA,NA,NA,NA,NA,NA,NA,NA,49.8456352,10.4813752
"415566128",NA,NA,NA,NA,NA,NA,NA,"Zeltplatz der Kolpingsfamilie Münchberg",NA,NA,NA,"camp_site",NA,NA,NA,NA,NA,NA,NA,NA,NA,NA,NA,NA,NA,NA,"Kolpingsfamilie Münchberg",NA,NA,NA,NA,NA,NA,NA,NA,NA,NA,NA,NA,NA,NA,NA,NA,NA,NA,NA,NA,NA,NA,49.7730088,11.3745133
"415566198","Kleinlesau",NA,NA,"91278",NA,NA,NA,"Campingplatz Jurahöhe",NA,"+49 9243 9173","yes","camp_site",NA,NA,NA,NA,NA,NA,"http://www.campingplatz-jurahoehe.de",NA,NA,NA,NA,NA,NA,NA,NA,NA,NA,"website",NA,NA,NA,NA,NA,NA,NA,NA,NA,NA,NA,NA,NA,NA,NA,NA,NA,NA,NA,49.7981344,11.3755301
"416333185","Weißenburg",NA,"10","91781","Eichstätter Landstraße",NA,NA,"Am alten Badeweiher",NA,"+49 9141 5222",NA,"camp_site",NA,NA,NA,NA,NA,NA,"http://www.campingplatz-weissenburg.de",NA,NA,NA,NA,NA,NA,NA,NA,NA,NA,NA,NA,NA,NA,NA,NA,NA,NA,NA,NA,NA,NA,NA,NA,NA,NA,NA,NA,NA,NA,49.0192928,10.9968539
"416440101","Heidenheim-Hechlingen am See",NA,NA,"91719",NA,NA,NA,"Campingplatz Hasenmühle",NA,"+49 9833  1696",NA,"camp_site",NA,NA,NA,NA,NA,NA,"http://www.campingplatz-hasenmuehle.de",NA,NA,NA,NA,NA,NA,NA,NA,NA,NA,"extrapolation",NA,NA,NA,NA,NA,NA,NA,NA,NA,NA,NA,NA,NA,NA,NA,NA,NA,NA,NA,48.9720435,10.7266333
"416457349","Pottenstein-Tüchersfeld",NA,"13","91278","Im Tal",NA,NA,"Campingplatz Fränkische Schweiz",NA,NA,NA,"camp_site",NA,NA,NA,NA,NA,NA,"http://www.campingplatz-fraenkische-schweiz.info",NA,NA,NA,NA,NA,NA,NA,NA,NA,NA,"website",NA,NA,NA,NA,NA,NA,NA,NA,NA,NA,NA,NA,NA,NA,NA,NA,NA,NA,NA,49.7827475,11.3666543
"416514046","Gößweinstein",NA,"10","91327","Allersdorf",NA,NA,"Kormershof",NA,"+49 9242 1041","yes","camp_site",NA,NA,NA,NA,NA,NA,"http://www.kormershof.de",NA,NA,NA,NA,NA,NA,NA,NA,NA,NA,NA,NA,NA,NA,NA,NA,NA,NA,NA,NA,NA,NA,NA,NA,NA,NA,NA,NA,NA,NA,49.7395652,11.3455865
"416928067",NA,NA,NA,NA,NA,NA,NA,"Jugendzeltplatz Wellheim",NA,NA,NA,"camp_site",NA,NA,NA,NA,NA,NA,NA,NA,NA,NA,NA,NA,NA,NA,NA,NA,NA,NA,NA,"restricted",NA,NA,NA,NA,NA,NA,NA,NA,NA,NA,NA,NA,NA,NA,NA,NA,NA,48.8276563,11.0923698
"443461231",NA,NA,NA,NA,NA,NA,NA,"Camping Paradies Franken",NA,NA,NA,"camp_site",NA,NA,NA,NA,NA,NA,"http://www.camping-paradies-franken.de",NA,NA,NA,NA,NA,NA,NA,NA,NA,NA,NA,NA,NA,NA,NA,NA,NA,NA,NA,NA,NA,NA,NA,NA,NA,NA,NA,NA,NA,NA,49.5222406,10.1240762
"444334878",NA,NA,NA,NA,NA,NA,NA,"VCP Hemhofen Zeltplatz",NA,NA,NA,"camp_site",NA,NA,NA,NA,NA,NA,NA,NA,NA,NA,NA,NA,NA,NA,NA,"www.vcp-hemhofen.de",NA,NA,NA,NA,NA,NA,NA,NA,NA,NA,NA,NA,NA,NA,NA,NA,NA,NA,NA,NA,NA,49.694792,10.9478264
"451615941","Seehausen","DE",NA,"82418","Insel Buchau","no","info@buchau-campinginsel.de","Camping Insel Buchau am Staffelsee",NA,"+49 8841 4881701","yes","camp_site","no",NA,NA,NA,NA,NA,"http://www.buchau-campinginsel.de",NA,NA,NA,NA,NA,NA,NA,NA,NA,NA,NA,NA,NA,NA,NA,NA,NA,NA,NA,NA,NA,NA,NA,NA,NA,NA,NA,NA,NA,NA,47.6927936,11.1714894
"451768868",NA,NA,NA,NA,NA,NA,NA,"Donaucamping",NA,NA,NA,"camp_site",NA,NA,NA,NA,NA,NA,NA,NA,NA,NA,NA,NA,NA,NA,NA,NA,NA,NA,NA,NA,NA,NA,NA,NA,NA,NA,NA,NA,NA,NA,NA,NA,NA,NA,NA,NA,NA,48.5690426,10.5018986
"464357991","Oberwössen","DE","4","83246","Litzelau","yes","info@camping-litzelau.de","Campingplatz Litzelau",NA,"+49 8640 8704","yes","camp_site","yes",NA,"+49 8640 5265",NA,"yes",NA,"http://www.camping-litzelau.de/",NA,NA,NA,NA,NA,NA,NA,NA,NA,NA,"website",NA,NA,NA,NA,NA,NA,NA,"Brem","yes",NA,NA,NA,NA,NA,NA,NA,NA,NA,NA,47.7166373,12.4786912
"482828839","Augsburg","DE","54b","86169","Mühlhauser Straße",NA,"info@caravaningpark.de","Campingplatz Augsburg",NA,"+49 821 70 75 75",NA,"camp_site",NA,NA,NA,NA,NA,NA,"www.caravaningpark.de",NA,NA,NA,NA,NA,NA,NA,NA,NA,NA,NA,NA,NA,NA,NA,NA,NA,NA,NA,NA,"3",NA,NA,NA,NA,NA,NA,NA,NA,NA,48.4121688,10.9231635
"495317114",NA,NA,NA,NA,NA,NA,NA,"Selbstversorger-Campingplatz am Kleidersee",NA,NA,NA,"camp_site",NA,NA,NA,NA,NA,NA,NA,NA,NA,NA,NA,NA,NA,NA,NA,NA,NA,NA,NA,NA,NA,NA,NA,NA,NA,NA,NA,NA,NA,NA,NA,NA,NA,NA,NA,NA,NA,50.0044892,10.5512884
"512045042",NA,NA,NA,NA,NA,NA,NA,"See Camping Günztal",NA,NA,NA,"camp_site",NA,NA,NA,NA,NA,NA,"www.see-camping-guenztal.de","no",NA,NA,NA,NA,NA,NA,NA,NA,NA,NA,NA,NA,NA,NA,NA,NA,NA,NA,NA,NA,NA,NA,NA,NA,NA,NA,NA,NA,NA,48.2272601,10.2921947
"533991129",NA,NA,NA,NA,NA,NA,NA,"Zeltplatz Wülfershausen",NA,NA,NA,"camp_site",NA,NA,NA,NA,NA,NA,NA,NA,NA,NA,NA,NA,NA,NA,NA,NA,NA,NA,NA,NA,NA,NA,NA,NA,NA,NA,NA,NA,NA,NA,NA,NA,NA,NA,NA,NA,NA,50.0637615,10.0095895
"540127047",NA,NA,NA,NA,NA,NA,NA,"Campingplatz Settele",NA,NA,NA,"camp_site",NA,NA,NA,NA,NA,NA,NA,NA,NA,NA,NA,NA,NA,NA,NA,NA,NA,NA,NA,NA,NA,NA,NA,NA,NA,NA,NA,NA,NA,NA,NA,NA,NA,NA,NA,NA,NA,48.145782,10.5765615
"541004823",NA,NA,NA,NA,NA,NA,NA,"Waldberg Rhön",NA,NA,NA,"camp_site",NA,NA,NA,NA,NA,NA,NA,NA,NA,NA,NA,NA,NA,NA,NA,NA,NA,NA,NA,NA,NA,NA,NA,NA,NA,NA,NA,NA,NA,NA,NA,NA,NA,NA,NA,NA,NA,50.3384278,9.9895236
"541722170",NA,NA,NA,NA,NA,NA,NA,"Campingplatz Kahl am Main",NA,NA,NA,"camp_site",NA,NA,NA,NA,NA,NA,NA,NA,NA,NA,NA,NA,NA,NA,NA,NA,NA,NA,NA,NA,NA,NA,NA,NA,NA,NA,NA,NA,NA,NA,NA,NA,NA,NA,NA,NA,NA,50.0656195,8.9912974
"544874595",NA,NA,NA,NA,NA,NA,NA,"Zeltplatz Rücklenmühle",NA,NA,NA,"camp_site",NA,NA,NA,NA,NA,NA,NA,"unknown",NA,NA,NA,NA,NA,NA,NA,NA,NA,NA,NA,NA,NA,NA,NA,NA,NA,NA,NA,NA,NA,NA,NA,NA,NA,NA,NA,NA,NA,48.3838196,10.579891
"606942516",NA,NA,NA,NA,NA,NA,NA,NA,NA,NA,NA,"camp_site",NA,NA,NA,NA,NA,NA,NA,"yes",NA,NA,NA,NA,NA,NA,NA,NA,NA,NA,NA,NA,NA,NA,NA,NA,NA,NA,NA,NA,NA,NA,NA,NA,NA,NA,NA,NA,NA,49.1893019,11.1245037
"611611710","Ebern","DE","2","96106","Am Brunnenholz",NA,NA,"Jugendzeltplatz Reutersbrunn",NA,"+49 9531 8983",NA,"camp_site",NA,NA,NA,NA,NA,NA,"http://www.reutersbrunn.de/",NA,NA,"yes",NA,NA,NA,NA,NA,NA,NA,NA,NA,NA,NA,NA,NA,NA,NA,NA,NA,NA,NA,NA,NA,NA,NA,NA,NA,NA,NA,50.067839,10.7500309
"664199717","Lohr am Main","DE","12","97816","Jahnstraße",NA,"info@camping-lohr.de","Campingplatz Mainufer",NA,"+49 9352 89392",NA,"camp_site",NA,NA,NA,NA,NA,NA,"www.camping-lohr.de",NA,NA,NA,NA,NA,NA,NA,"TSV 1846 Lohr am Main e.V.",NA,NA,"website",NA,NA,NA,NA,NA,NA,NA,NA,NA,NA,NA,NA,NA,NA,NA,NA,NA,NA,NA,49.9989191,9.5841443
"664205195","Gemünden",NA,"7","97737","Duivenallee",NA,NA,"Campingplatz Saale-Insel",NA,"+49 9351 8574",NA,"camp_site",NA,NA,NA,NA,NA,NA,"http://www.campingplatz-saaleinsel.de/",NA,NA,NA,NA,NA,NA,NA,"Stadtverwaltung Gemünden am Main",NA,NA,"website",NA,NA,NA,NA,NA,NA,NA,NA,NA,NA,NA,NA,NA,NA,NA,NA,NA,NA,NA,50.0612301,9.6945118
"666034014","Seßlach","DE","154","96145","Bahnhofstraße",NA,NA,"Camping Sonnland",NA,"+49 9569 220",NA,"camp_site",NA,NA,NA,NA,NA,NA,"http://www.camping-sonnland.de/",NA,NA,NA,NA,NA,NA,NA,NA,NA,NA,"website",NA,NA,NA,NA,NA,NA,NA,NA,NA,NA,NA,NA,NA,NA,NA,NA,NA,NA,NA,50.194351,10.8372199
"667447182","Ebermannstadt","DE","3A","91320","Rothenbühl",NA,NA,"Campingplatz Rothenbühl",NA,"+49 9194 519992",NA,"camp_site",NA,NA,NA,NA,NA,NA,NA,"limited",NA,NA,NA,NA,NA,NA,NA,NA,NA,"internet",NA,NA,NA,NA,NA,NA,NA,NA,NA,NA,NA,NA,NA,NA,NA,NA,NA,NA,NA,49.7903402,11.2045901
"707982788",NA,NA,NA,NA,NA,NA,NA,"Jugendzeltplatz Altmühlsprung",NA,NA,NA,"camp_site",NA,NA,NA,NA,NA,NA,NA,NA,NA,NA,NA,NA,NA,NA,NA,NA,NA,NA,NA,NA,NA,NA,NA,NA,NA,NA,NA,NA,NA,NA,NA,NA,NA,NA,NA,NA,NA,49.4140473,10.3238238
"714226466","Collenberg",NA,"42","97903","Schloßstraße","yes","info@campingmaintal.de","Camping Maintal",NA,"09376 1270","yes","camp_site",NA,NA,NA,NA,NA,NA,"http://campingmaintal.de/start.html",NA,NA,NA,NA,NA,NA,NA,NA,NA,NA,NA,NA,NA,NA,NA,NA,NA,NA,NA,NA,NA,NA,NA,NA,NA,NA,NA,NA,NA,NA,49.7693342,9.3424325
"779983447",NA,NA,NA,NA,NA,NA,NA,"Mandlachsee (Kreisjugendring Aichach Friedberg)",NA,NA,NA,"camp_site",NA,NA,NA,NA,NA,NA,NA,NA,NA,NA,NA,NA,NA,NA,NA,NA,NA,NA,NA,NA,NA,NA,NA,NA,NA,NA,NA,NA,NA,NA,NA,NA,NA,NA,NA,NA,NA,48.5536808,11.0690092
"812278046",NA,NA,NA,NA,NA,NA,NA,"Naturfreundehaus",NA,NA,NA,"camp_site",NA,NA,NA,NA,NA,NA,NA,"no",NA,NA,NA,NA,NA,NA,NA,NA,NA,NA,NA,NA,NA,NA,NA,NA,NA,NA,NA,NA,NA,NA,NA,NA,NA,NA,NA,NA,NA,48.4441322,10.2997279
"838961909","Petting-Kühnhausen","DE","7","83367","Strandbadstraße","yes","office@camping-wagner.de","Campingplatz-Strandbad Wagner",NA,"+49 8686 984477","yes","camp_site",NA,NA,"+49 8686 984476",NA,"yes",NA,"http://www.camping-wagner.de/",NA,NA,NA,NA,NA,NA,NA,NA,NA,NA,NA,NA,NA,NA,NA,NA,NA,NA,NA,NA,NA,NA,NA,NA,NA,NA,NA,NA,NA,NA,47.9291042,12.8020509
"943256617",NA,NA,NA,NA,NA,NA,NA,"Wildniscamp am Falkenstein",NA,NA,NA,"camp_site",NA,NA,NA,NA,NA,NA,"http://www.wildniscamp.de",NA,NA,NA,NA,NA,NA,NA,NA,NA,NA,NA,NA,NA,NA,NA,NA,NA,NA,NA,NA,NA,NA,NA,NA,NA,NA,NA,NA,NA,NA,49.0832598,13.2453071
"946953964",NA,NA,NA,NA,NA,NA,NA,"Jugendzeltplatz Altenhof",NA,NA,NA,"camp_site",NA,NA,NA,NA,NA,NA,NA,NA,NA,NA,NA,NA,NA,NA,NA,NA,NA,NA,NA,NA,NA,NA,NA,NA,NA,NA,NA,NA,NA,NA,NA,NA,NA,NA,NA,NA,NA,49.7455978,11.4268966
"963896934",NA,NA,NA,NA,NA,NA,NA,"Campingplatz Landshut/Mitterwöhr",NA,NA,NA,"camp_site",NA,NA,NA,NA,NA,NA,NA,NA,NA,NA,NA,NA,NA,NA,NA,NA,NA,NA,NA,NA,NA,NA,NA,NA,NA,NA,NA,NA,"Viele POI finder gehen nur auf Punkte, nicht auf Flaechen, deshalb der extra Eintrag hier (blutsauger)",NA,NA,NA,NA,NA,NA,NA,NA,48.5545249,12.1801791
"980557747","Langdorf/Bayrischer Wald","DE","26","94264","Nebelberg","yes","info@urlaub-waldhof.de","Campingplatz Waldhof",NA,"+49 9922 1024","yes","camp_site",NA,NA,"+49 9922 500739",NA,NA,NA,"http://www.urlaub-waldhof.de",NA,NA,NA,NA,NA,NA,NA,NA,NA,NA,NA,NA,NA,NA,NA,NA,NA,NA,NA,NA,NA,NA,NA,NA,NA,NA,NA,NA,NA,NA,49.023422,13.1576021
"1200784644",NA,NA,NA,NA,NA,NA,NA,"Zeltplatz Sauters",NA,NA,NA,"camp_site",NA,NA,NA,NA,NA,NA,NA,NA,NA,NA,NA,NA,NA,NA,NA,NA,NA,NA,NA,NA,NA,NA,NA,NA,NA,NA,NA,NA,NA,NA,NA,NA,NA,NA,NA,NA,NA,47.5959196,9.7211198
"1261926708",NA,NA,NA,NA,NA,NA,NA,NA,NA,NA,NA,"camp_site",NA,NA,NA,NA,NA,NA,NA,NA,NA,NA,NA,NA,NA,NA,NA,NA,NA,NA,NA,NA,NA,NA,NA,NA,NA,NA,NA,NA,NA,NA,NA,NA,NA,NA,NA,NA,NA,49.9840389,11.6426533
"1280361016",NA,NA,NA,NA,NA,NA,NA,NA,NA,NA,NA,"camp_site",NA,NA,NA,NA,NA,NA,NA,NA,NA,NA,NA,NA,NA,NA,NA,NA,NA,NA,NA,NA,NA,NA,NA,NA,NA,NA,NA,NA,NA,NA,NA,NA,NA,NA,NA,NA,NA,49.2163417,12.579248
"1323899307",NA,NA,NA,NA,NA,NA,"info@jugendzeltplatz.com","Jugendzeltplatz Paulsteiner",NA,NA,NA,"camp_site",NA,NA,NA,NA,NA,NA,"http://www.jugendzeltplatz.com/",NA,NA,NA,NA,NA,NA,NA,NA,NA,NA,NA,NA,NA,NA,NA,NA,NA,NA,NA,NA,NA,NA,NA,NA,NA,NA,NA,NA,NA,NA,47.6428518,10.5690821
"1332731687",NA,NA,NA,NA,NA,NA,NA,"Jugendzeltplatz",NA,NA,NA,"camp_site",NA,NA,NA,NA,NA,NA,NA,NA,NA,NA,NA,NA,NA,NA,NA,NA,NA,NA,NA,NA,NA,NA,NA,NA,NA,NA,NA,NA,NA,NA,NA,NA,NA,NA,NA,NA,NA,48.201922,11.1735111
"1356997490",NA,NA,NA,NA,NA,NA,NA,"Zeltplatz KJR Eschelbach",NA,NA,NA,"camp_site",NA,NA,NA,NA,NA,NA,NA,NA,NA,NA,NA,NA,NA,NA,NA,NA,NA,NA,NA,NA,NA,NA,NA,NA,NA,NA,NA,NA,NA,NA,NA,NA,NA,NA,NA,NA,NA,48.5803635,11.5799339
"1431666100",NA,NA,NA,NA,NA,"yes","info@camping-bannwaldsee.de","Camping Bannwaldsee",NA,"+49 8362 93000","yes","camp_site","yes",NA,"+49 8362 930020",NA,"yes",NA,"http://www.camping-bannwaldsee.de","yes",NA,NA,NA,NA,NA,NA,NA,NA,NA,NA,NA,NA,"wlan",NA,NA,NA,NA,NA,NA,"4",NA,NA,NA,NA,NA,NA,NA,NA,NA,47.5921853,10.7728762
"1450888597",NA,NA,NA,NA,NA,NA,"belegung@pfadfinderzeltplatz.de","Pfadfinder Zeltplatz",NA,"(0 97 26) 39 50",NA,"camp_site",NA,NA,NA,NA,NA,NA,NA,"no",NA,NA,NA,NA,NA,NA,NA,NA,NA,NA,NA,"permissive",NA,NA,NA,NA,NA,NA,NA,NA,NA,"http://www.pfadfinderzeltplatz.de/",NA,NA,NA,NA,NA,NA,NA,50.0652816,10.1290615
"1490956810",NA,NA,NA,NA,NA,NA,NA,"Pfetzendorfer Weiher",NA,NA,"yes","camp_site",NA,NA,NA,NA,NA,NA,NA,"limited",NA,NA,NA,NA,NA,"yes",NA,NA,NA,NA,NA,NA,NA,NA,NA,NA,NA,NA,NA,NA,NA,NA,NA,NA,NA,NA,NA,NA,NA,49.3225381,10.369212
"1563657823",NA,NA,NA,NA,NA,NA,NA,NA,NA,NA,NA,"camp_site",NA,NA,NA,NA,NA,NA,NA,NA,NA,NA,NA,NA,NA,NA,NA,NA,NA,NA,NA,NA,NA,NA,NA,NA,NA,NA,NA,NA,NA,NA,NA,NA,NA,NA,NA,NA,NA,49.6410586,11.161467
"1566945600",NA,NA,NA,NA,NA,NA,NA,"Zeltplatz Obertheres",NA,NA,NA,"camp_site",NA,NA,NA,NA,NA,NA,NA,NA,NA,NA,NA,NA,NA,NA,NA,NA,NA,NA,NA,NA,"no",NA,NA,NA,NA,NA,NA,NA,NA,NA,"no",NA,NA,NA,NA,NA,NA,50.0166358,10.447917
"1589576833",NA,NA,NA,NA,NA,"no",NA,"DKV Zeltplatz Donauwörth",NA,"+491639279889","yes","camp_site",NA,NA,NA,NA,NA,NA,"kanuclub-donauwoerth.de",NA,NA,NA,NA,NA,NA,"yes","Kanu-Club-Donauwörth e.V.",NA,NA,NA,NA,NA,NA,NA,NA,NA,NA,NA,NA,NA,NA,NA,NA,"15",NA,NA,NA,NA,NA,48.724082,10.7694746
"1594344538","Röthenbach","DE","24","90552","Friedrich-von-Fürer-Straße",NA,NA,"Camping Haimendorf",NA,"+49 9120 9226",NA,"camp_site",NA,NA,NA,NA,NA,NA,NA,NA,NA,NA,NA,NA,NA,NA,NA,NA,NA,NA,NA,NA,NA,NA,NA,NA,NA,NA,NA,NA,NA,NA,NA,NA,NA,NA,NA,NA,NA,49.474186,11.2977264
"1610271364",NA,NA,NA,NA,NA,NA,NA,"Pfadfinder Schweinheim",NA,NA,NA,"camp_site",NA,NA,NA,NA,NA,NA,NA,NA,NA,NA,NA,NA,NA,NA,NA,NA,NA,NA,NA,NA,NA,NA,NA,NA,NA,NA,NA,NA,NA,NA,NA,NA,NA,NA,NA,NA,NA,49.9288253,9.1937404
"1619245824",NA,NA,NA,NA,NA,NA,NA,"Camplingplatz Erlenweiher",NA,NA,NA,"camp_site",NA,NA,NA,NA,NA,NA,NA,NA,NA,NA,NA,NA,NA,NA,NA,NA,NA,NA,NA,NA,NA,NA,NA,NA,NA,NA,NA,NA,NA,NA,NA,NA,NA,NA,NA,NA,NA,49.8582471,12.1014122
"1619245835",NA,NA,NA,NA,NA,NA,NA,"Camplingplatz Erlenweiher",NA,NA,NA,"camp_site",NA,NA,NA,NA,NA,NA,NA,NA,NA,NA,"parking",NA,NA,NA,NA,NA,NA,NA,NA,NA,NA,NA,NA,NA,NA,NA,NA,NA,NA,NA,NA,NA,NA,NA,NA,NA,NA,49.857324,12.1030048
"1620745448",NA,NA,NA,NA,NA,NA,NA,"Zeltplatz Gailbach",NA,NA,NA,"camp_site",NA,NA,NA,NA,NA,NA,NA,NA,NA,NA,NA,NA,NA,NA,NA,NA,NA,NA,NA,NA,NA,NA,NA,NA,NA,NA,NA,NA,NA,NA,NA,NA,NA,NA,NA,NA,NA,49.9415787,9.2267689
"1628385470","Bayerbach","DE","11","94137","Huckenham","yes","info@vitalcamping-bayerbach.de","Vital Camping",NA,"+49 8532 9278070",NA,"camp_site",NA,NA,NA,NA,"yes",NA,"http://www.vitalcamping-bayerbach.de",NA,NA,NA,NA,NA,NA,NA,NA,NA,NA,NA,NA,NA,NA,NA,NA,NA,NA,NA,NA,NA,NA,NA,NA,NA,NA,NA,NA,NA,NA,48.41467,13.1305532
"1655205705",NA,NA,NA,NA,NA,NA,NA,"Schätzlerbad",NA,"+49 961 5261",NA,"camp_site",NA,NA,NA,NA,NA,NA,"http://www.schaetzlerbad.de/",NA,NA,NA,NA,NA,NA,NA,NA,NA,NA,NA,NA,NA,NA,NA,NA,NA,NA,NA,NA,NA,"nur Dauerstellplätze",NA,NA,NA,NA,NA,NA,NA,NA,49.7083373,12.1425365
"1664020708","Petting-Kühnhausen","DE","11","83367","Strandbadstraße","yes","stadlerflo@web.de","Camping-Stadler",NA,"08686 / 8037","yes","camp_site",NA,NA,NA,"+49 160 1504550","yes",NA,"http://www.camping-stadler.de",NA,NA,NA,NA,NA,NA,NA,NA,"campsite also caravan and room 4 rent",NA,NA,NA,NA,"wlan",NA,NA,NA,NA,NA,NA,NA,NA,NA,NA,NA,NA,NA,NA,NA,NA,47.928233,12.8027472
"1691543261",NA,NA,NA,NA,NA,NA,NA,"Zeltplatz",NA,NA,NA,"camp_site",NA,NA,NA,NA,NA,NA,NA,NA,NA,NA,NA,NA,NA,NA,NA,NA,NA,NA,NA,NA,NA,NA,NA,NA,NA,NA,NA,NA,NA,NA,NA,NA,NA,NA,NA,NA,NA,49.8949417,11.8573645
"1704327023","Neualbenreuth","DE","2","95698","Platzermühle","yes",NA,"Campingplatz Platzermühle",NA,"+49 9638 912200","yes","camp_site",NA,NA,"+49 9638 912208",NA,NA,NA,NA,NA,NA,NA,NA,NA,NA,NA,NA,NA,NA,NA,NA,NA,NA,NA,NA,NA,NA,NA,NA,NA,NA,NA,NA,NA,NA,NA,NA,NA,NA,49.9705422,12.4447932
"1728447039",NA,NA,NA,NA,NA,NA,NA,NA,NA,NA,NA,"camp_site",NA,NA,NA,NA,NA,NA,NA,NA,NA,NA,NA,NA,NA,NA,NA,NA,NA,NA,NA,NA,NA,NA,NA,NA,NA,NA,NA,NA,NA,NA,NA,NA,NA,NA,NA,NA,NA,49.057815,11.905174
"1746995758",NA,NA,NA,NA,NA,NA,NA,"Jugendzeltplatz Weidmannsgesees",NA,NA,NA,"camp_site",NA,NA,NA,NA,NA,NA,NA,NA,NA,NA,NA,NA,NA,NA,NA,NA,NA,NA,NA,NA,NA,NA,NA,NA,NA,NA,NA,NA,NA,NA,NA,NA,NA,NA,NA,NA,NA,49.7821091,11.3852481
"1798166134",NA,NA,NA,NA,NA,NA,NA,"Pfadfinderzentrum Neumarkt i.d.OPf.",NA,NA,NA,"camp_site",NA,NA,NA,NA,NA,NA,NA,NA,NA,NA,NA,NA,NA,NA,NA,NA,NA,NA,NA,NA,NA,NA,NA,NA,NA,NA,NA,NA,NA,NA,NA,NA,NA,NA,NA,NA,NA,49.2728883,11.4846052
"1823205686",NA,NA,NA,NA,NA,NA,NA,NA,NA,NA,NA,"camp_site",NA,NA,NA,NA,NA,NA,NA,NA,NA,NA,NA,NA,NA,NA,NA,NA,NA,NA,NA,NA,NA,NA,NA,NA,NA,NA,NA,NA,NA,NA,NA,NA,NA,NA,NA,NA,NA,48.0464865,11.1794689
"1835626389","Bayrisch Eisenstein","DE","6","94252","Arberseestraße","yes","info@camping-heiner.de","Camping Heiner",NA,"+49 9925 247","yes","camp_site",NA,NA,NA,NA,NA,NA,"http://www.camping-heiner.de",NA,NA,NA,NA,NA,NA,NA,NA,NA,NA,NA,NA,NA,NA,NA,NA,NA,NA,NA,"yes",NA,NA,NA,NA,NA,NA,NA,NA,NA,NA,49.0786222,13.2074159
"1843490833",NA,NA,NA,NA,NA,"no",NA,NA,NA,NA,"no","camp_site",NA,NA,NA,NA,NA,NA,NA,NA,NA,NA,NA,NA,NA,NA,NA,NA,NA,NA,NA,"private",NA,NA,NA,NA,NA,NA,NA,NA,NA,NA,NA,NA,NA,NA,NA,NA,NA,47.6897525,12.7992994
"1850345014",NA,NA,NA,NA,NA,"yes",NA,"Camping Mörslingen",NA,NA,"yes","camp_site",NA,NA,NA,NA,NA,NA,"http://www.camping-moerslingen.de/",NA,NA,NA,NA,NA,NA,NA,NA,NA,NA,NA,NA,NA,NA,NA,NA,NA,NA,NA,NA,NA,NA,NA,NA,"10",NA,NA,NA,NA,NA,48.6222166,10.5166794
"1850361567","Schönwald","DE","4","95173","Grünhaid","yes","gruenhaid@aol.com","Campingplatz Schönwald",NA,"+49 9287 50364","yes","camp_site","yes","yes","+49 9287 954416",NA,"yes","yes","www.campingplatzschoenwald.de",NA,NA,NA,NA,NA,NA,NA,NA,NA,NA,NA,NA,NA,NA,NA,NA,NA,NA,NA,NA,NA,NA,NA,NA,NA,NA,NA,NA,NA,NA,50.2096906,12.0968738
"1850380585","Mitterteich","DE","32","95666","Großbüchlberg","yes","camping@freizeithugl.de","Campingplatz Großbüchlberg","07:00-12:00, 14:00-22:00","+49  96 33 400673","yes","camp_site",NA,NA,"+49  96 33 400677",NA,"yes",NA,"http://www.freizeithugl.de/Camping/home_c.htm",NA,NA,NA,NA,NA,NA,NA,NA,NA,NA,NA,NA,NA,NA,NA,NA,NA,NA,NA,NA,NA,NA,NA,NA,NA,NA,NA,NA,NA,NA,49.9724426,12.2260864
"1852710423","Oberstdorf","DE","34","87561","Rubinger Straße","yes","info@rubi-camp.de","Campingplatz Rubi-Camp",NA,"+49 8322 959202","yes","camp_site",NA,NA,"+49 8322 959203",NA,"yes",NA,"http://www.rubi-camp.de/",NA,NA,NA,NA,NA,NA,NA,NA,NA,NA,NA,NA,NA,"wlan",NA,NA,NA,NA,NA,NA,NA,NA,NA,NA,NA,NA,NA,NA,NA,NA,47.4233495,10.2786691
"1862845750",NA,NA,NA,NA,NA,NA,NA,"Jugendfreizeitgelände Lindenbichl",NA,NA,NA,"camp_site",NA,NA,NA,NA,NA,NA,"http://www.jugendwerk-weilheim.de/?action=page&id=43",NA,NA,NA,NA,NA,NA,NA,NA,NA,NA,NA,NA,"private",NA,NA,NA,NA,NA,NA,NA,NA,NA,NA,NA,NA,NA,NA,NA,NA,NA,47.6925808,11.1653382
"1872635571",NA,NA,NA,NA,NA,NA,NA,"Zeltplatz Schimborn",NA,NA,NA,"camp_site",NA,NA,NA,NA,NA,NA,NA,NA,NA,NA,NA,NA,NA,NA,"Verwaltung Markt Mömbris",NA,NA,NA,NA,NA,"no",NA,NA,NA,NA,NA,NA,NA,NA,NA,NA,NA,NA,NA,NA,NA,NA,50.050829,9.202713
"1877548359",NA,NA,NA,NA,NA,NA,NA,"Sippachsmühle",NA,NA,NA,"camp_site",NA,NA,NA,NA,NA,NA,NA,NA,NA,NA,NA,NA,NA,NA,NA,NA,NA,NA,NA,NA,NA,NA,NA,NA,NA,NA,NA,NA,NA,NA,NA,NA,NA,NA,NA,NA,NA,50.1949721,9.7946832
"1877717473","Petting","DE","2","83367","Hainz am See","yes","ferienpark@hainzamsee.de","Camping ""Ferienpark Hainz am See""",NA,"+49 (0)8686 287","yes","camp_site",NA,"yes",NA,NA,"yes","yes","http://www.hainzamsee.de",NA,NA,NA,NA,NA,NA,NA,NA,NA,NA,NA,NA,NA,"wlan",NA,NA,NA,NA,NA,NA,NA,NA,NA,NA,NA,"Autofreier Ferienplatz am Waginger See",NA,NA,NA,NA,47.9211165,12.7937608
"1903636373","Klingenberg/Röllfeld","DE","24","63911","Ringstraße","yes","hallo@campingplatz-mainwiese.de","Campingplatz Mainwiese",NA,"+49 9372 947601","yes","camp_site","yes","yes","+49 9372 947648","+49 160 92375897","yes","yes","http://www.campingplatz-mainwiese.de/",NA,NA,NA,NA,NA,NA,NA,NA,NA,NA,NA,NA,NA,NA,NA,NA,NA,NA,NA,NA,NA,NA,NA,NA,NA,NA,NA,NA,NA,NA,49.7597093,9.1799228
"1913702001",NA,NA,NA,NA,NA,NA,NA,"Zeltplatz Totnansberg",NA,NA,NA,"camp_site",NA,NA,NA,NA,NA,NA,NA,NA,NA,NA,NA,NA,NA,NA,NA,NA,NA,NA,NA,NA,NA,NA,NA,NA,NA,NA,NA,NA,NA,NA,NA,NA,NA,NA,NA,NA,NA,50.3209066,9.9404459
"2031516882",NA,NA,NA,NA,NA,NA,NA,"Campingplatz Demmelhof",NA,NA,NA,"camp_site",NA,NA,NA,NA,NA,NA,"http://www.campingplatz-demmelhof.de/",NA,NA,NA,NA,NA,NA,NA,NA,NA,NA,NA,NA,NA,NA,NA,NA,NA,NA,NA,NA,NA,NA,NA,NA,NA,NA,NA,NA,NA,NA,47.7507949,11.500286
"2041932270","Roding",NA,NA,"93426","Am Esper",NA,NA,"Zeltplatz Roding",NA,NA,NA,"camp_site",NA,NA,NA,NA,NA,NA,NA,NA,NA,NA,NA,NA,NA,NA,NA,NA,NA,NA,NA,NA,NA,NA,NA,NA,NA,NA,NA,NA,NA,NA,NA,NA,NA,NA,NA,NA,NA,49.1989718,12.5137558
"2130876725",NA,NA,NA,NA,NA,NA,NA,NA,NA,NA,NA,"camp_site",NA,NA,NA,NA,NA,NA,NA,"no",NA,NA,NA,NA,NA,NA,NA,NA,NA,NA,NA,NA,NA,NA,NA,NA,NA,NA,NA,NA,NA,NA,NA,NA,NA,NA,NA,NA,NA,48.6483914,13.5519225
"2282928067",NA,NA,NA,NA,NA,NA,NA,NA,NA,NA,NA,"camp_site",NA,NA,NA,NA,NA,NA,NA,NA,NA,NA,NA,NA,NA,NA,NA,NA,NA,NA,NA,NA,NA,NA,NA,NA,NA,NA,NA,NA,NA,NA,NA,NA,NA,NA,NA,NA,NA,47.6981503,11.1607143
"2298279273",NA,NA,NA,NA,NA,NA,NA,NA,NA,NA,NA,"camp_site",NA,NA,NA,NA,NA,NA,NA,NA,NA,NA,NA,NA,NA,NA,NA,NA,NA,NA,NA,NA,NA,NA,NA,NA,NA,NA,NA,NA,NA,NA,NA,NA,NA,NA,NA,NA,NA,49.3218786,12.3672821
"2357814409",NA,NA,NA,NA,NA,NA,NA,NA,NA,NA,NA,"camp_site",NA,NA,NA,NA,NA,NA,NA,NA,NA,NA,NA,NA,NA,NA,NA,NA,NA,NA,NA,NA,NA,NA,NA,NA,NA,NA,NA,NA,NA,NA,NA,NA,NA,NA,NA,NA,NA,49.0725815,11.8589842
"2363447033",NA,NA,NA,NA,NA,NA,NA,"Donauparkplatz",NA,NA,NA,"camp_site",NA,NA,NA,NA,NA,NA,NA,NA,NA,NA,NA,NA,NA,NA,NA,NA,NA,NA,NA,NA,NA,NA,NA,NA,NA,NA,NA,NA,NA,NA,NA,NA,NA,NA,NA,NA,NA,48.6387645,13.1794341
"2371153034",NA,NA,NA,NA,NA,NA,NA,NA,NA,NA,NA,"camp_site",NA,NA,NA,NA,NA,NA,NA,NA,NA,NA,NA,NA,NA,NA,NA,NA,NA,NA,NA,NA,NA,NA,NA,NA,NA,NA,NA,NA,NA,NA,NA,NA,NA,NA,NA,NA,NA,47.6507509,10.7375466
"2400609593",NA,NA,NA,NA,NA,NA,NA,"Campingplatz Waldbadeweiher",NA,NA,NA,"camp_site",NA,NA,NA,NA,NA,NA,NA,NA,NA,NA,NA,NA,NA,NA,NA,NA,NA,NA,NA,NA,NA,NA,NA,NA,NA,NA,NA,NA,NA,NA,NA,NA,NA,NA,NA,NA,NA,49.9116515,12.1445534
"2424053900",NA,NA,NA,NA,NA,"no",NA,NA,NA,NA,"yes","camp_site",NA,NA,NA,NA,NA,NA,NA,NA,NA,NA,NA,NA,NA,NA,NA,NA,NA,NA,NA,NA,NA,NA,NA,NA,NA,NA,NA,NA,NA,NA,NA,NA,NA,NA,NA,NA,NA,48.2122905,12.9489988
"2438786070",NA,NA,NA,NA,NA,NA,NA,"Campingplatz Vilshofen",NA,NA,NA,"camp_site",NA,NA,NA,NA,NA,NA,"http://www.vilshofen.de/index.php?option=com_content&task=view&id=173&Itemid=238&lang=english",NA,NA,NA,NA,NA,NA,NA,NA,NA,NA,NA,NA,NA,NA,NA,NA,NA,NA,NA,NA,NA,NA,NA,NA,NA,NA,NA,NA,NA,NA,48.6390994,13.1857082
"2446254268",NA,NA,NA,NA,NA,NA,NA,NA,NA,NA,NA,"camp_site",NA,NA,NA,NA,NA,NA,NA,NA,NA,NA,NA,NA,NA,NA,NA,NA,NA,NA,NA,NA,NA,NA,NA,NA,NA,NA,NA,NA,NA,NA,NA,NA,NA,NA,NA,NA,NA,50.1082028,11.8771007
"2453193521","Offenberg",NA,"1","94560","Kleinschwarzach",NA,NA,"Schreiber Wilhelm",NA,NA,NA,"camp_site",NA,NA,NA,NA,NA,NA,NA,NA,NA,NA,NA,NA,NA,NA,NA,NA,NA,NA,NA,NA,NA,NA,NA,NA,NA,NA,NA,NA,NA,NA,NA,NA,NA,"Willi´s Saustall",NA,NA,NA,48.8454592,12.862123
"2558587474","Hirschau",NA,"9","92242","Krickelsdorf",NA,"info@sonnenhof-regler.de","Sonnenhof Regler",NA,"+499622704755",NA,"camp_site",NA,NA,"+499622704754",NA,NA,NA,"www.sonnenhof-regler.de",NA,NA,NA,NA,NA,NA,NA,"Familie Regler",NA,NA,NA,NA,NA,NA,NA,NA,NA,NA,NA,NA,NA,NA,NA,NA,NA,NA,NA,NA,NA,NA,49.5609767,11.8882107
"2586327577",NA,NA,NA,NA,NA,NA,NA,"Jugendzeltlagerplatz am Michelsberg",NA,NA,NA,"camp_site",NA,NA,NA,NA,NA,NA,"http://www.kjr-dillingen.de/verleih/zeltplatz/index.html",NA,NA,NA,NA,NA,NA,NA,"Kreisjugendring Dillingen",NA,NA,NA,NA,NA,NA,NA,NA,NA,NA,NA,NA,NA,NA,NA,NA,NA,NA,NA,NA,NA,NA,48.7371058,10.5600231
"2635399382",NA,NA,NA,NA,NA,NA,NA,NA,NA,NA,NA,"camp_site",NA,NA,NA,NA,NA,NA,NA,NA,NA,NA,NA,NA,NA,NA,NA,NA,NA,NA,NA,NA,NA,NA,NA,NA,NA,NA,NA,NA,NA,NA,NA,NA,NA,NA,NA,NA,NA,49.2122059,10.1782751
"2705673945",NA,NA,NA,NA,NA,NA,NA,"(Privat)",NA,NA,NA,"camp_site",NA,NA,NA,NA,NA,NA,NA,NA,NA,NA,NA,NA,NA,NA,NA,NA,NA,NA,NA,"private",NA,NA,NA,NA,NA,NA,NA,NA,NA,NA,NA,NA,NA,NA,NA,NA,NA,48.790078,13.3846897
"2755172757",NA,NA,NA,NA,NA,NA,NA,"Camping Gutshof Donauried",NA,NA,NA,"camp_site",NA,NA,NA,NA,NA,NA,NA,NA,NA,NA,NA,NA,NA,NA,NA,NA,NA,NA,NA,NA,NA,NA,NA,NA,NA,NA,NA,NA,NA,NA,NA,NA,NA,NA,NA,NA,NA,48.4872268,10.2572811
"2812576002",NA,NA,NA,NA,NA,NA,NA,"The Tent",NA,NA,NA,"camp_site",NA,NA,NA,NA,NA,NA,NA,NA,NA,NA,NA,NA,NA,NA,NA,NA,NA,NA,NA,NA,NA,NA,NA,NA,NA,NA,NA,NA,NA,NA,NA,NA,NA,NA,NA,NA,NA,48.1680324,11.5021283
"2826432159",NA,NA,NA,NA,NA,NA,NA,"Camping Pilsensee",NA,NA,NA,"camp_site",NA,NA,NA,NA,NA,NA,NA,NA,NA,NA,NA,NA,NA,NA,NA,NA,NA,NA,NA,NA,NA,NA,NA,NA,NA,NA,NA,NA,NA,NA,NA,NA,NA,NA,NA,NA,NA,48.0291954,11.1991986
"2831922589",NA,NA,NA,NA,NA,NA,NA,NA,NA,NA,NA,"camp_site",NA,NA,NA,NA,NA,NA,NA,NA,NA,NA,NA,NA,NA,NA,NA,NA,NA,NA,NA,NA,NA,NA,NA,NA,NA,NA,NA,NA,NA,NA,NA,NA,NA,NA,NA,NA,NA,49.8249911,11.3408179
"2842322609",NA,NA,NA,NA,NA,NA,NA,"Camping Grafenlehen",NA,NA,NA,"camp_site",NA,NA,NA,NA,NA,NA,NA,NA,NA,NA,NA,NA,NA,NA,NA,NA,NA,NA,NA,NA,NA,NA,NA,NA,NA,NA,NA,NA,NA,NA,NA,NA,NA,NA,NA,NA,NA,47.5946953,12.9863245
"2885080314",NA,NA,NA,NA,NA,NA,NA,NA,NA,NA,NA,"camp_site",NA,NA,NA,NA,NA,NA,NA,NA,NA,NA,NA,NA,NA,NA,NA,NA,NA,NA,NA,NA,NA,NA,NA,NA,NA,NA,NA,NA,NA,NA,NA,NA,NA,NA,NA,NA,NA,49.4650644,12.1908139
"2902508860",NA,NA,NA,NA,NA,NA,NA,"Camping auf dem Bauernhof",NA,NA,NA,"camp_site",NA,NA,NA,NA,NA,NA,NA,NA,NA,NA,NA,NA,NA,NA,NA,NA,NA,NA,NA,NA,NA,NA,NA,NA,NA,NA,NA,NA,NA,NA,NA,NA,NA,NA,NA,NA,NA,47.8918485,12.7746317
"3310870961","Frauenau","DE","16a","94258","Zwieselau","yes","info@camping-bayrischerwald.de","Campingplatz Green Village","May 01-Oct 31","+49 9922 6475","yes","camp_site",NA,"yes","+49 9922 502056",NA,"yes","yes","www.camping-bayrischerwald.de",NA,NA,NA,NA,NA,NA,NA,NA,NA,NA,NA,NA,NA,NA,NA,NA,NA,NA,NA,NA,NA,NA,NA,NA,NA,NA,NA,"yes",NA,NA,49.0084255,13.276067
"3361667310",NA,NA,NA,NA,NA,NA,NA,NA,NA,NA,NA,"camp_site",NA,NA,NA,NA,NA,NA,NA,NA,NA,NA,NA,NA,NA,NA,NA,NA,NA,NA,NA,NA,NA,NA,NA,NA,NA,NA,NA,NA,NA,NA,NA,NA,NA,NA,NA,NA,NA,47.5175082,10.4216808
"3431111122",NA,NA,NA,NA,NA,NA,NA,"Jugendzeltplatz",NA,NA,NA,"camp_site",NA,NA,NA,NA,NA,NA,NA,NA,NA,NA,NA,NA,NA,NA,"KJR Straubing-Bogen",NA,NA,NA,NA,NA,NA,NA,NA,NA,NA,NA,NA,NA,NA,NA,NA,NA,NA,NA,NA,NA,NA,48.9738676,12.6884246
"3490825976",NA,NA,NA,NA,NA,NA,NA,"Jugendzeltplatz",NA,NA,"yes","camp_site",NA,NA,NA,NA,NA,NA,"http://www.gruppenhaus.de/jugendzeltplatz-zittenfelden-morretal-schneeberg-hs4947.html",NA,NA,"yes",NA,NA,NA,"yes","Landkreis Miltenberg?",NA,NA,NA,NA,NA,NA,NA,NA,NA,NA,NA,NA,NA,NA,NA,NA,NA,NA,NA,NA,"yes",NA,49.5943935,9.2500342
"3528216051",NA,NA,NA,NA,NA,NA,NA,"Zeltplatz Regensburger Kanu-Club e.V.",NA,NA,NA,"camp_site",NA,NA,NA,NA,NA,NA,"http://www.regensburger-kanuclub.de/Zeltplatz.html",NA,NA,NA,NA,NA,NA,NA,"Regensburger Kanu-Club e.V.",NA,NA,NA,NA,NA,NA,NA,NA,NA,NA,NA,NA,NA,NA,NA,NA,NA,NA,NA,NA,NA,NA,49.0293998,12.0705239
"3580061502",NA,NA,NA,NA,NA,NA,NA,"Strandcamping Waging am See Rezeption",NA,NA,NA,"camp_site",NA,NA,NA,NA,NA,NA,NA,NA,NA,NA,NA,NA,NA,NA,NA,NA,NA,NA,NA,NA,NA,NA,NA,NA,NA,NA,NA,NA,NA,NA,NA,NA,NA,NA,NA,NA,NA,47.9430479,12.7472713
"3596922235",NA,NA,NA,NA,NA,NA,NA,NA,NA,NA,NA,"camp_site",NA,NA,NA,NA,NA,NA,NA,NA,NA,NA,NA,NA,NA,NA,NA,NA,NA,NA,NA,NA,NA,NA,NA,NA,NA,NA,NA,NA,NA,NA,NA,NA,NA,NA,NA,NA,NA,49.1564006,12.1449335
"3655237137","Forchheim",NA,"8","91301","Zur Staustufe",NA,NA,"Jugendzeltplatz der Stadt Forchheim",NA,NA,NA,"camp_site",NA,NA,NA,NA,NA,NA,NA,NA,NA,NA,NA,NA,NA,NA,"Stadt Forchheim",NA,NA,NA,NA,NA,NA,NA,NA,NA,NA,NA,NA,NA,NA,NA,NA,NA,NA,NA,NA,NA,NA,49.7443785,11.0436292
"3697327952",NA,NA,NA,NA,NA,NA,NA,"Zeltplatz Autenhausen",NA,"+49 9567 980888",NA,"camp_site",NA,NA,NA,NA,NA,NA,"http://www.sesslach.de/index.php/schwimmbad-thermen",NA,NA,NA,NA,NA,NA,NA,NA,NA,NA,NA,NA,NA,NA,NA,NA,NA,NA,NA,NA,NA,NA,NA,NA,NA,NA,NA,NA,NA,NA,50.2402497,10.7942355
"3709902122","Haßfurt",NA,"8","97437","Am Hafen",NA,"info@naturfreunde-hassfurt.de","Camping Naturfreunde Haßfurt",NA,"0160 93872395",NA,"camp_site",NA,NA,NA,NA,NA,NA,"http://www.naturfreunde-hassfurt.de/index.php?id=24",NA,NA,NA,NA,NA,NA,NA,NA,NA,NA,NA,NA,NA,NA,NA,NA,NA,NA,NA,NA,NA,NA,NA,NA,NA,NA,NA,NA,NA,"yes",50.0262018,10.5162037
"3720537993",NA,NA,NA,NA,NA,NA,"kenterass@kabelmail.de","DJK Schweinfurt",NA,"09721/33082",NA,"camp_site",NA,NA,NA,NA,NA,NA,"http://djk-kanu.de/bootshaus.html",NA,NA,NA,NA,NA,NA,NA,NA,NA,NA,NA,NA,NA,NA,NA,NA,NA,NA,NA,NA,NA,"nur DKV-Mitglieder",NA,NA,NA,NA,NA,NA,NA,NA,50.0456672,10.2466192
